{"2": 0.7154847317953447, "3": 0.7551643141089708, "4": 0.4052107262018825, "5": 0.4196639854634469}