{"4": 0.11695551977495447, "5": 0.11081169848135605}