{"1": 0.3937829898123765, "2": 0.27503631427101377, "3": 0.17477571797150077}