{"2": 0.5877032760051376, "3": 0.8137356034052197}