{"4": 0.19643958561552796, "5": 0.19613067108306342}