{"1": 0.2841479548205201, "2": 0.20485514823476167, "3": 0.16773887899092538, "4": 0.15349350475400317, "5": 0.14369943922897682}