{"4": 0.21694421234723746, "5": 0.10164257133401508}