{"2": 0.34398471329855096, "3": 0.3186479005378079, "4": 0.22191028239611174, "5": 0.06644772756957801}