{"4": 0.10931229054269509, "5": 0.09862944293817281}