{"1": 0.24698082921716852, "2": 0.15244336274932943, "3": 0.11563745336856768, "4": 0.08866536653908319, "5": 0.07137507388214526}