{"4": 0.11870351044195908, "5": 0.04787862392486389}