{"2": 0.42945792158406704, "3": 0.3025461463985104, "4": 0.3312119208533146, "5": 0.32258132676920376}