{"1": 0.263027003161734, "2": 0.187884266944057, "3": 0.14967687261865345, "4": 0.13093542066909458, "5": 0.12199718752766864}