{"2": 0.45100656994042093, "3": 0.34450319137367597, "4": 0.3485567274267914, "5": 0.21648943273152452}