{"4": 0.11895108877767421, "5": 0.10959028861734922}