{"1": 0.20215786725307386, "2": 0.16015151924455445, "3": 0.1398846346150221, "4": 0.12881821240191352, "5": 0.12231597981404212}