{"1": 0.21439289601357925, "2": 0.14225044098862694, "3": 0.10894836573312791, "4": 0.08985137896792691, "5": 0.07184381668101292}