{"2": 0.4426319739945737, "3": 0.32565355575959376, "4": 0.294504670806402, "5": 0.23326258356461946}