{"1": 0.3532790232485305, "2": 0.20213296517550966, "3": 0.15111300464776303, "4": 0.11488368731393732, "5": 0.09783281011293932}