{"2": 0.6264081893632575, "3": 0.4677060411294279, "4": 0.32339154346501264, "5": 0.32852412481711796}