{"2": 0.6806617823802862, "3": 0.6473227669095796, "4": 0.50572212332076, "5": 0.628156601125639}