{"4": 0.13505758379176808, "5": 0.11002004072278274}