{"1": 0.32748531256246427, "2": 0.23764714959781372, "3": 0.20343883246504751, "4": 0.19066553513640705, "5": 0.1843465166077251}