{"2": 0.4637963332398128, "3": 0.39846955273540463, "4": 0.3878869601875622, "5": 0.2964358389779436}