{"4": 0.12724847988964327, "5": 0.11918121968588243}