{"2": 0.2840185406486412, "3": 0.22349799600986314, "4": 0.18339853500922412, "5": 0.1636094704228854}