{"2": 0.2840185406486411, "3": 0.22349799600986303, "4": 0.18339853500922393, "5": 0.16360947042288512}