{"2": 0.7154960846522104, "3": 0.7497878009776355, "4": 0.4052007517986219, "5": 0.4196639840014895}