{"1": 0.8454496880076432, "2": 0.79596516478194, "3": 0.7753531848470173}