{"2": 1.0517234076043185, "3": 0.5136563338492752, "4": 0.9800005738368125}