{"2": 2.742931447164926, "3": 0.864851367286229, "4": 0.5505511196250589}