{"2": 0.8560549872394788, "3": 0.49671002022582256}