{"2": 0.8560549880141286, "3": 0.496710021093837}