{"2": 0.7959651647819402, "3": 0.7753531848470173}