{"2": 1.0517057598387207, "3": 0.5136639192384224, "4": 0.9800118233390416}