{"2": 1.0517194905432479, "3": 0.5135325197765681, "4": 0.979976509949905}