{"1": 0.37744743523803564, "2": 0.288273471965173, "3": 0.2697808848705399}