{"2": 0.744604720379054, "3": 0.2912057329280075}