{"4": 0.9701717157698322, "5": 0.7283342189913878}