{"1": 0.3089327621718083, "2": 0.21844311761346225, "3": 0.19190638042792837, "4": 0.18048884124227366, "5": 0.17505856636177353}