{"4": 0.7695675273836783, "5": 0.17101370977681177}