{"1": 0.3356551478590225, "2": 0.19989230310605452, "3": 0.14666712380833047, "4": 0.11818447026023007}