{"2": 0.42923843327081795, "3": 0.2394797011160784, "4": 0.2514627385584375, "5": 0.11923961537658173}