{"4": 0.05293460992552853, "5": 0.05198420672343533}