{"2": 0.40532121302283447, "3": 0.39396802115899315, "4": 0.3911993456357867, "5": 0.3902654417190467}