{"2": 0.4053212130228349, "3": 0.3939680211589935, "4": 0.39119934563578695, "5": 0.39026544171904765}