{"2": 0.6807163265392269, "3": 0.6473425476595975, "4": 0.5055784532603843, "5": 0.6281572280247848}