{"4": 0.4208040606761615, "5": 0.40578473176572355}