{"4": 0.42080476488333984, "5": 0.4057865764456021}