{"2": 0.5520325109841598, "3": 0.47994496803893494, "4": 0.07850244999820664}