{"4": 0.6596174589721137, "5": 0.23616046374811883}