{"2": 0.2882734719651727, "3": 0.26978088487053914}