{"2": 0.28625624431125063, "3": 0.2703531653623584}