{"2": 0.7438865846438225, "3": 0.2912057248951489}