{"2": 3.5064304715222057, "3": 1.5563168135904788, "4": 0.9701717157698322, "5": 0.7283342189913878}