{"2": 0.42822705128926836, "3": 0.2766996502980901, "4": 0.25684785120434755, "5": 0.2219316124583361}