{"2": 0.4222932592528043, "3": 0.19324385710433262}