{"2": 0.587825748349169, "3": 0.8135731355399516}