{"2": 0.5878057244480882, "3": 0.8134561251502145}