{"2": 1.455409820228772, "3": 0.2508378432658041, "4": 0.19643958561552796, "5": 0.19613067108306342}